Code,Pays
AFG,Afghanistan
ALB,Albania
DZA,Algeria
AGO,Angola
ATG,Antigua and Barbuda
ARG,Argentina
ARM,Armenia
ABW,Aruba
AUS,Australia
AUT,Austria
AZE,Azerbaijan
BHS,Bahamas
BHR,Bahrain
BGD,Bangladesh
BRB,Barbados
BLR,Belarus
BEL,Belgium
BLZ,Belize
BEN,Benin
BMU,Bermuda
BTN,Bhutan
BOL,Bolivia
BIH,Bosnia and Herzegovina
BWA,Botswana
BRA,Brazil
BRN,Brunei
BGR,Bulgaria
BFA,Burkina Faso
BDI,Burundi
KHM,Cambodia
CMR,Cameroon
CAN,Canada
CPV,Cape Verde
CYM,Cayman Islands
CAF,Central African Republic
TCD,Chad
CHL,Chile
CHN,China
COL,Colombia
COM,Comoros
COG,Congo
CRI,Costa Rica
CIV,Cote d'Ivoire
HRV,Croatia
CUW,Curacao
CYP,Cyprus
CZE,Czechia
COD,Democratic Republic of Congo
DNK,Denmark
DJI,Djibouti
DMA,Dominica
DOM,Dominican Republic
ECU,Ecuador
EGY,Egypt
SLV,El Salvador
GNQ,Equatorial Guinea
EST,Estonia
SWZ,Eswatini
ETH,Ethiopia
FJI,Fiji
FIN,Finland
FRA,France
GAB,Gabon
GMB,Gambia
GEO,Georgia
DEU,Germany
GHA,Ghana
GRC,Greece
GRD,Grenada
GTM,Guatemala
GIN,Guinea
GNB,Guinea-Bissau
GUY,Guyana
HTI,Haiti
HND,Honduras
HKG,Hong Kong
HUN,Hungary
ISL,Iceland
IND,India
IDN,Indonesia
IRN,Iran
IRQ,Iraq
IRL,Ireland
ISR,Israel
ITA,Italy
JAM,Jamaica
JPN,Japan
JOR,Jordan
KAZ,Kazakhstan
KEN,Kenya
KIR,Kiribati
OWID_KOS,Kosovo
KWT,Kuwait
KGZ,Kyrgyzstan
LAO,Laos
LVA,Latvia
LBN,Lebanon
LSO,Lesotho
LBR,Liberia
LBY,Libya
LTU,Lithuania
LUX,Luxembourg
MAC,Macao
MDG,Madagascar
MWI,Malawi
MYS,Malaysia
MDV,Maldives
MLI,Mali
MLT,Malta
MHL,Marshall Islands
MRT,Mauritania
MUS,Mauritius
MEX,Mexico
FSM,Micronesia (country)
MDA,Moldova
MNG,Mongolia
MNE,Montenegro
MAR,Morocco
MOZ,Mozambique
MMR,Myanmar
NAM,Namibia
NRU,Nauru
NPL,Nepal
NLD,Netherlands
NZL,New Zealand
NIC,Nicaragua
NER,Niger
NGA,Nigeria
MKD,North Macedonia
NOR,Norway
OMN,Oman
PAK,Pakistan
PLW,Palau
PSE,Palestine
PAN,Panama
PNG,Papua New Guinea
PRY,Paraguay
PER,Peru
PHL,Philippines
POL,Poland
PRT,Portugal
PRI,Puerto Rico
QAT,Qatar
ROU,Romania
RUS,Russia
RWA,Rwanda
KNA,Saint Kitts and Nevis
LCA,Saint Lucia
VCT,Saint Vincent and the Grenadines
WSM,Samoa
SMR,San Marino
STP,Sao Tome and Principe
SAU,Saudi Arabia
SEN,Senegal
SRB,Serbia
SYC,Seychelles
SLE,Sierra Leone
SGP,Singapore
SXM,Sint Maarten (Dutch part)
SVK,Slovakia
SVN,Slovenia
SLB,Solomon Islands
SOM,Somalia
ZAF,South Africa
KOR,South Korea
ESP,Spain
LKA,Sri Lanka
SDN,Sudan
SUR,Suriname
SWE,Sweden
CHE,Switzerland
TJK,Tajikistan
TZA,Tanzania
THA,Thailand
TLS,Timor
TGO,Togo
TON,Tonga
TTO,Trinidad and Tobago
TUN,Tunisia
TUR,Turkey
TKM,Turkmenistan
TCA,Turks and Caicos Islands
TUV,Tuvalu
UGA,Uganda
UKR,Ukraine
ARE,United Arab Emirates
GBR,United Kingdom
USA,United States
URY,Uruguay
UZB,Uzbekistan
VUT,Vanuatu
VNM,Vietnam
OWID_WRL,World
ZMB,Zambia
ZWE,Zimbabwe